entropy,error
1.043819565778601448597728389123119045030420412885775746262763334184736014824946507834722262603201027509009535615107917764292349734506736867346515787492,1.55013228809004849479e-62
