entropy,error
1.043819565778601448597728389123119045030420412885775746262763333280214200038542972026290313816680950086926670506834529224854148945297361936301709302245,5.21833020377492268590e-122
